incorrect,correct
BBNTINCK,BENTINCK
CAMPBFLL-BANNERMAN,CAMPBELL-BANNERMAN
CAVENDISH BBNTINCK,CAVENDISH BENTINCK
CLNINGHAME GRAHAM,CUNNINGHAME GRAHAM
COLONELNOLAN,COLONEL NOLAN
COLONELNORTH,COLONEL NORTH
CORNWALLIS ,CORNWALLIS 
COUETENAY WAENEE,COURTENAY AVENUE
DISKAELI,DISRAELLI
DLXON,DIXON
DR.EARQUHARSON,DR. FARQUHARSON
Dugdalesaid,Dugdale said
EARL BEATJCHAMP,EARL BEAUCHAMP
EARL COMPTQN,EARL COMPTON
EARL OF KTMBERLEY,EARL OF KIMBERLEY
EDMUND EOBERTSON,EDMUND ROBERTSON
HEESCHELL,HERSCHELL
J. POWELL - WILLIAMS ,J. POWELL WILLIAMS
JAMES O'CONNOE,JAMES O'CONNOR
LORD ARCHBISHOP OF CAN-TERBURY,LORD ARCHBISHOP OF CANTERBURY
LORD BISHOP OF MAN -CHESTER,LORD BISHOP OF MANCHESTER
LORD ELPH1NSTONE,LORD ELPHINSTONE
LORD HERSGHELL,LORD HERSCHEL
MCKENKA,MCKENNA
NBWNES,NEWNES
P. SCROPR,P. SCROPE
P1CKERSGILL,PICKERSGILL
R. T. RETD,R. T. RETD
SFXTON,SEXTON
SHBEHY,SHEEHY
SIR CHAELE8 W. DILKE,SIR CHARLES W. DILKE
SIR EOBEET FINLAY,SIR ROBERT FINLAY
SIR FORTESCUE FLANNEHY,SIR FORTESCUE FLANNERY
SIR GEOBGE GREY,SIR GEORGE GREY
SIR H. COTION,SIR H. COTION
SIR HENRT WILLOUGHBY,SIR HENRY WILLOUGHBY
SIR HOWARD VINCKNT,SIR HOWARD VINCENT
SOLIOITOR GENERAL FOR IRELAND ,SOLICITOR GENERAL FOR IRELAND 
UNDER SECRETARY OF STATE NOR WAR ,UNDER SECRETARY OF STATE FOR WAR
VVASON,WASON
WILLTAM ABRAHAM,WILLIAM ABRAHAM
“BALEOUR,BALFOUR
“Balfoub”,BALFOUR
“SECRETARY OF STATE FOE THE HOME DEPARTMENT”,SECRETARY OF STATE FOR THE HOME DEPARTMENT
“SOLICITOR GENERAL FOK SCOTLAND”,SOLICITOR GENERAL FOR SCOTLAND
[Mr. STANSFELD,MR. STANSFELD
ADDEELEY,ADDERLEY
ALZIEL,Dalziel
Arthuk Henderson,Arthur Henderson
ASHTON DLLKE,ASHTON DRAKE
ATTORNEY GENERAL BOB IRELAND,ATTORNEY GENERAL FOR IRELAND
ATTORNEY GENERAL FOR IRBLALD,ATTORNEY GENERAL FOR IRELALD
ATTORNEY GENERAL FOR IRLLAND,ATTORNEY GENERAL FOR IRELAND
ATTORNEY GENERAL TOR IRELAND,ATTORNEY GENERAL FOR IRELAND
AUGUSTUS HERYEY,AUGUSTUS HERVEY
BALEOUR,balfour
balfoub,Balfour
BALFOUE,balfour
BALFOUE,BALFOUR
BAROX ,BARON
BAROX,BARON
BBNTINCK,BENTINCK
BIRRBLL,Birrell
CAMPBFLL-BANNERMAN,CAMPBELL-BANNERMAN
CAPTAIN BETHBLL,CAPTAIN BETHELL
Captain Bolderocomplained,Captain Boldero complained
CAPTAIN VERXEY,CAPTAIN VERNEY
CATAIAN. BETHFLL,CAPTAIN BETHELL
Cavendish Bbntinck,Cavendish-Bentinck
CCNINGHAME GRAHAM,Cunninghame Graham
CHARLES WLNGFIELD,CHARLES WINGFIELD
CHICLTESTER FORTESCUE,CHICHESTER FORTESCUE
CHIEF SECRETARY FOE IRELAND,CHIEF SECRETARY FOR IRELAND
CLAUDK HAY,Claude Hay
Clninghame Graham,Cunninghame Graham
Cltninghame Graham,Cunninghame Graham
COGIIILL,Cogill
Colonel Cranfurd,Colonel Crawford
COLONEL KTNG-HARMAN,COLONEL KING-HARMAN
COLONEL SAUNDKRSON,COLONEL SAUNDERSON
COLONEL SYMTH,Colonel Smyth
Colonel Vercker,Colonel Parker
COLONELNOLAN,COLONEL NOLAN
Colonelnorth,Colonel North
COLOVEL WARING,COLONEL WARING
COLOXEL SAUNDERSON,COLONEL SAUNDERSON
Commandr Bethell,Commander Bethell
COUETENAY WAENEE,Courtenay Wayne
CRA WFORD,CRAWFORD
CRBMER,CROMER
Diskaeli,Disraeli
DLXON,DIXON
Dlxon,Dixon
DR. CLAKK,DR. CLARK
Dr. Earquharson,Dr. Farquharson
Dr. Lanrence,Dr. Lawrence
DR. LYON PLAYFAIE,DR. LYON PLAYFAIR
Dr.Duigenan,Dr. Duigenan
DR.EARQUHARSON,DR. FARQUHARSON
Dugdalesaid,Dugdale said
EAEL GRANVILLE,EARL GRANVILLE
EAEL OF JERSEY,EARL OF JERSEY
EAKL GRANVILLE,EARL GRANVILLE
EARL BBAUCHAMP,EARL BEAUCHAMP
EARL BEATJCHAMP,Earl Beauchamp
Earl BEAUCUAMP,Earl BEAUCHAMP
EARL BEAUOHAMP,EARL BEAUCHAMP
EARL CABOGAN,EARL CADOGAN
Earl Carisfort,Earl Carysfort
EARL COMPTQN,Earl Compton
Earl Conyngham,Earl Cunningham
Earl of Blesington,Earl of Blessington
Earl of JKRSEY,Earl of JERSEY
EARL OF KTMBERLEY,Earl of Kimberley
Earl Of Malmesbtjry,Earl of Malmesbury
EARL WINTBRTON,Earl Winterton
EARLWALDEGRAVE,Earl Waldegrave
EDMUND EOBERTSON,Edmund Robertson
EERGUSSON,FERGUSSON
Farl Fitztwilliam,Earl Fitztwilliam 
FER-GUSSOX,FERGUSSON
FIRST COMMISSIONER OP WORKS,First Commissioner of works
FIRST LORD OF THE TRFASURY,FIRST LORD OF THE TREASURY
FOB IRELAND,FOR IRELAND
FOESTER,FORSTER
Franklund,Frankland 
GENERAL GOLDSWORTHT,GENERAL GOLDSWORTHY
General Tarlcton,General Tarleton
GENERAL TOE IRELAND,GENERAL FOR IRELAND
GEORGE JENKTNSON,GEORGE JENKINSON
H.C RICHAKDS,H. C. Richards
HANBHRY,HANBURY
HEESCHELL,Herschell
HERBEET SAMUEL,Herbert Samuel
HIE BXCHEQUER ,THE EXCHEQUER 
HIE BXCHEQUER (the Exch…),THE EXCHEQUER
IHE TREASURY (change to The Treasury),THE TREASURY 
J. EERGUSSON,J. FERGUSSON
J. FER-GUSSON,J. FERGUSSON
J. POWELL - WILLIAMS,J.Powell-Williams
J.Powell-Wtlliams,J.Powell-Williams
JAMES O'CONNOE,James O'Connor
JOHN PAKTNGTON,JOHN PAKINGTON
KNATCHBITLL-HUGESSEN,KNATCHBULL-HUGESSEN
Knatchboll-hu-gessen,Knatchbull-Hugessen
LLDDELL,LIDDELL
LLTTON,Litton
LOED HERSCHELL,LORD HERSCHELL
LOED OF THE TREASUBY,LORD OF THE TREASURY
LOHD ROBERT MONTAGU,LORD ROBERT MONTAGU
LOKD JOHN RUSSELL,LORD JOHN RUSSELL
LORD ARCHBISHOP OF CAN-TERBURY,Lord Archbishop of Canterbury
LORD BBABOURNE,LORD BRABOURNE
LORD BISHOP OF MAN -CHESTER,Lord Bishop of Manchester
Lord CAIRNS,Lord CAIRNS
Lord Casdereagh,Lord Castlereagh
Lord Casilereagh,Lord Castlereagh
Lord Casllereagh,Lord Castlereagh
Lord Casltereagh,Lord Castlereagh
Lord Castereagh,Lord Castlereagh
Lord Castlcreagh,Lord Castlereagh
Lord Castleragh,Lord Castlereagh
Lord Castlereagb,Lord Castlereagh
Lord castlereagh,Lord Castlereagh
Lord Castlereagk,Lord Castlereagh
Lord Castlerengh,Lord Castlereagh
LORD CHELHSFORD,LORD CHELMSFORD
Lord Costlereagh,Lord Castlereagh
Lord De Bloquiere,Lord De Blaquiere
LORD EDMOND PITZMAUEICE,LORD EDMOND Fitzmaurice
Lord Ellenborbugh,Lord Ellenborough
Lord Elph1nston,Lord Elphinstone
LORD ELPH1NSTONE,LORD ELPHINSTONE
Lord Erikine,Lord Erskine
Lord Erskinc,Lord Erskine
LORD FREDPRICK CAVENDISH,Lord Frederick Cavendish
Lord Harrowhy,Lord Harrowby
Lord Hawk sbury,Lord Hawkesbury
Lord Hawkesboury,Lord Hawkesbury
LORD HERSCHULL,LORD HERSCHELL
LORD HERSGHELL,Lord Herschell
Lord Kawkesbury,Lord Hawkesbury
Lord Lowtther,Lord Lowther
LORD MACNAGHTFN,LORD MACNAGHTEN
LORD NAAS*,LORD NAAS
LORD OF IHB TREASURY,LORD OF THE TREASURY
LORD OF THE TREA SURY,LORD OF THE TREASURY
LORD or THE (lord of the),LORD OF THE 
LORD or THE ADMIRALTY,LORD OF THE ADMIRALTY
Lord Redesdaie,Lord Redesdale
LORD STANLEY OF ALDEKLEY,LORD STANLEY OF ALDERLEY
Lord Walsingbam,Lord Walsingham
Lord.Grenville,Lord Grenville
LORD' COLERIDGE.,LORD COLERIDGE
LORO BALFOUR,LORD BALFOUR
LOUD REDESDALE,LORD REDESDALE
MACFIE,MACFIE
MACLIVEE,MACFIE
MAJORBERESFORD,MAJOR BERESFORD
MARQESS,MARQUESS
Marqtess of westmeath,Marquess of Westmeath
MASK STEWART,MARK STEWART
MCKENKA,McKenna
MEMBKE ,MEMBER
MEMBKE,MEMBER
MLNDELLA,Mondella
Mr Pereeval,Mr. Percival 
Mr. Abereromby,Mr. Abercrombie
MR. AGLIOKBY,MR. AGLIONBY
MR. ALBERMAN CUBITT,MR. ALDERMAN CUBITT
Mr. Alberman Cubitt,Mr. Alderman cubitt
MR. ALDEEMAN SALOMONS,MR. ALDERMAN SALOMONS
MR. B. SAMTTELSON,MR. B. SAMUELSON
Mr. Barhum ,Mr. Barham 
Mr. Bathursl,Mr. Bathurst
MR. BBNTINCK,MR. BENTINCK
MR. BENTLNCK,MR. BENTINCK
MR. BEOADLEY,MR. BROADLEY
MR. BERNALOSBORNE,MR. BERNAL OSBORNE
Mr. Blachfard,Mr. Blachford
Mr. Bootle Wilbraham.,Mr. Bootle-Wilbraham
MR. BRADLAITGH,MR. BRADLAUGH
MR. BROADHDRST,MR. BROADHURST
MR. BRODIEHOARE,MR. BRODIE HOARE
Mr. Brougkam.,Mr.Brougham
Mr. Btoughtam.,Mr. Brougham
Mr. Btoughtam.,Mr. Brougham
Mr. Buttertvorth,Mr. Butterworth
MR. CACSTON,MR. CAXSTON
MR. CAMPBFLL-BANNERMAN,MR. CAMPBELL-BANNERMAN
MR. CARDAWELL,MR. CARDWELL
Mr. Cawtkorne,Mr. Cawthorne
MR. CCNINGHAME GRAHAM,MR. CUNNINGHAME GRAHAM
MR. CDNINGHAME GRAHAM,MR. CUNNINGHAME GRAHAM
MR. CHANN1NG,MR. CHANNING
MR. CHANNTNG,MR. CHANNING
MR. CHICHESTEE,MR. CHICHESTER
MR. CLNLNGHAME GRAHAM,MR. CUNNINGHAME GRAHAM
Mr. Colclough,Mr. Colclough
MR. COLLLNTGS,MR. COLLINGS
Mr. Conusgham,Mr. Cunningham
MR. CONYISEARE,MR. CONYISEARE
Mr. Courteney,Mr. Courtney
MR. CUANNING,MR. CHANNING
MR. CUNENGHAME GRAHAM,MR. CUNNINGHAME GRAHAM
MR. CUNLNGHAME GRAHAM,MR. CUNNINGHAME GRAHAM
MR. CUNUSTGHAME GRAHAM,MR. CUNNINGHAME GRAHAM
MR. CUSTINGHAME GRAHAM,MR. CUNNINGHAME GRAHAM
MR. D'EYNCOURT,MR. D'EYNCOURT
Mr. Danby Seymoue,Mr. Danny Seymour
MR. DARBY GRIEFITH,MR. DARBY GRIFFITH
Mr. Deast,Mr. Feast
MR. DISKAELI,MR. DISRAELI
MR. DISKAELI (disraeli ??),MR. DISRAELI
Mr. Douglas Kinnaird,Mr. Douglas Kinnaird
Mr. Dugdalesaid,Mr. Dugdale said
MR. E. BKCKETT,MR. E. BECKETT
MR. E. ROBURTSON,MR. E. ROBERTSON
MR. EENWICK,MR. FENWICK
Mr. Ewdin James,Mr. Edwin James
Mr. G. Jahnstone,Mr. G. Johnson 
MR. GOSCHEN',MR. GOSCHEN
MR. GOSCHRN,MR. GOSCHEN
MR. GOSOHEN,MR. GOSCHEN
Mr. H. Laseelles,Mr. H. Lascelles
MR. H.SAMUELSON,Mr. H Samuelson
MR. HALIBUBTON,MR. HALIBURTON
MR. HBADLAM,MR. BEDLAM
MR. HOENBY,MR. HORNBY
MR. HOWARDVINCENT,MR. HOWARD VINCENT
MR. HURBERT KNATCHBULL-HUGESSEN,MR. HERBERT KNATCHBULL-HUGESSEN
MR. J.K.CROSS,MR. J. K. CROSS
Mr. John Lasoucb,Mr. John Lasauce
Mr. Kerslen.,Mr. Kernten
Mr. Kertten.,Mr. Kersten
MR. KIMBBR,MR. KIMBER
MR. KNATCHBOLL-HU-GESSEN,MR. KNATCHBULL-HUGESSEN
MR. LABOCOHERE,MR. LABOUCHERE
Mr. Lyltelton,Mr. Lyttelton
Mr. Lyttlton,Mr. Lyttelton
MR. M. HFALY,MR. M. HEALY
MR. MACLURE,Mr. Maclure
Mr. Marrryatt,Mr. Marriott
Mr. Mauricc Fitzgerald,Mr. Maurice Fitzgerald
MR. MONRO FERGOSON,MR. MUNRO FERGUSON
MR. NBWNES,MR. NEWNES
Mr. NEWDEGATE and Mr. MOWBRAY,Mr. NEWDEGATE and Mr. MOWBRAY
Mr. Nicltolas Vansittart,Mr. Nicholas Vansittart
MR. O'KFEFFE,MR. O'KEEFE
MR. P. MDONALD,MR. P. MCDONALD
MR. P1CKERSGILL,MR. PICKERSGILL
Mr. Pault ,Mr. Paull
Mr. Pault,Mr. Paull
Mr. Perceral,Mr. Perceval
MR. POLLARD.URQUHART,MR. POLLARD-URQUHART
Mr. Ponsonhy.,Mr. Ponsonby
MR. PORESTER,MR. FORESTER
MR. PRLTCHARD MORGAN,MR. PRITCHARD MORGAN
MR. R. N. EOWLER,MR. R. N. FOWLER
MR. RUSSELL GUENEY,MR. RUSSELL GURNEY
Mr. S. Wkitbread,Mr. S. Whitbread
Mr. Sberidan,Mr. Sheridan
MR. SFXTON,MR. SEXTON
Mr. Solccitor General.,Mr. Solicitor General
MR. STAEFORD,MR. STAFFORD
Mr. STANSFELD,Mr. Stansfeld
MR. STOART WORTLEY,MR. STUART WORTLEY
MR. SYDNEY GBDGE,MR. SYDNEY BRIDGE
Mr. SYDNEY GEDGE,Mr. SYDNEY GEDGE
Mr. T. Grenvilte,Mr. T. Grenville
MR. T. M. HEALF,MR. TIM HEALY
MR. T. M.'HEALY,MR. TIM HEALY
MR. TCITE,MR. SITE
Mr. Ticrney,Mr. Tierney
Mr. Vezey Fitzgerald,Mr. Vesey Fitzgerald
MR. W. E. FOPSTER,MR. W. FORSTER
MR. W.SIDEBTTOM,MR. W. SIDEBOTTOM
MR. W1NTERBOTHAM,MR. WINTERBOTHAM
Mr. Wbitbread,Mr. Whitbread
Mr. Whitbrcad,Mr. Whitbread
MR.MARJORIBANKS,MR. MARJORIBANKS
Mr.Tierney,Mr. Tierney
Mr.Whitbread,Mr.Whitbread
MTTHEWS,Matthews
NBWNES,Newnes
Nbwnes,Newnes
P. SCROPR,P. Scrope
P1ckersgill,Pickersgill
PABKER SMITH,Parker Smith
PATRICK O'BRIKN,PATRICK O'BRIAN
PICKSRSGILL,Pickersgill
PRESIDE NT,PRESIDENT
President of the board oft agriculture,President of the board of agriculture 
PRESIDENT OF THE BOARD OP EDUCATION,PRESIDENT OF THE BOARD OF EDUCATION
PRESIDENT OF THEBOARD OF TRADE,PRESIDENT OF THE BOARD OF TRADE
PRESIDENT or THE COUNCIL,PRESIDENT OF THE COUNCIL
PTCKERSGILL,PICKERSGILL
R. T. RETD,R. T. RETD
RADCLIFEE COOKE,RADCLIFFE COOKE
SECRETART FOR IRELAND,SECRETARY FOR IRELAND
SECRETARY FOE INDIA,SECRETARY FOR INDIA
SECRETARY FOE WAR,SECRETARY FOR WAR
SECRETARY OF STATE FOB,SECRETARY OF STATE FOR
SECRETARY OF STATE FOB FOREIGN AFFAIRS,SECRETARY OF STATE FOR FOREIGN AFFAIRS
SECRETARY OF STATE FOB INDIA,SECRETARY OF STATE FOR INDIA
SECRETARY OF STATE FOB WAR,SECRETARY OF STATE FOR WAR
SECRETARY OF STATE FOE INDIA,SECRETARY OF STATE FOR INDIA
SECRETARY OF STATE FOE INULA,SECRETARY OF STATE FOR INDIA
Secretary of State foe the home department,Secretary of state for the home department 
SECRETARY OF STATE FOII WAR,SECRETARY OF STATE FOR WAR
SECRETARY OF STATE FOR THE. HOME DEPARTMENT,SECRETARY OF STATE FOR THE HOME DEPARTMENT
SECRETARY OF STATE FOR TNDIA,SECRETARY OF STATE FOR INDIA
SECRETARY OF STATE TOR,SECRETARY OF STATE FOR
SECRETARY OF STATE TOR INDIA,SECRETARY OF STATE FOR INDIA
SECRETARY OF STATE TOR WAR,SECRETARY OF STATE FOR WAR
SECRETARY or STATE FOR FOREIGN AFFAIRS,SECRETARY OF STATE FOR FOREIGN AFFAIRS
SECRETARY or STATE FOR INDIA,SECRETARY OF STATE FOR INDIA
SFXTON,SEXTON
SHAW LEEEVRE,SHAW LEFEVRE
SHBEHY,Sheehy
SIB BROOK BRYDGES,SIB BROOK BRYDGES
SIR BALDWYNLEIGHTON,SIR BALDWIN LEIGHTON
SIR CHAELE8 W. DILKE,SIR CHARLES W. DILKE
Sir Chaele8 W. Dilke,Sir. Charles W. Dilke
SIR EOBEET FINLAY,Sir Robert Finlay
SIR ERANCIS GOLDSMID,Sir Francis Goldsmid
Sir Erancis Goldsmid,Sir Francis Goldsmid
Sir F. Burdctt ,Sir F. Burdell
Sir F. Burdctt (change this to Burdell),Sir F. Burdell
SIR FORTESCUE FLANNEHY,Sir Fortescue Flannery
SIR GEOBGE GREY,SIR GEORGE GREY
SIR GHARLES WOOD,SIR CHARLES WOOD
SIR H. COTION,Sir H. Cotton
SIR HENRT WILLOUGHBY,SIR HENRY WILLOUGHBY
SIR HERYEY BRUCE,SIR HERVEY BRUCE
SIR HOWARD VINCKNT,Sir Howard Vincent
SIR J. EERGUSSON,Sir J. Ferguson
SIR J. FERGDSSON,SIR J. FERGUSON
SIR J. FERGUSSOH,SIR J. FERGUSON
SIR J. FERGUSSOX,SIR J. FERGUSON
SIR J. PERGUSSON,SIR J. FERGUSON
Sir J. Wrotlesley,Sir J. Wrottesley
SIR JAMES ELPHLNSTONE,SIR JAMES ELPHINSTONE
Sir John Anslrutlter,Sir John anstruther
SIR JOHN GEAY,SIR JOHN GRAY
Sir john geay,Sir John Grey
Sir O. Moselcy,Sir O. Mosley 
Sir O. Moseley or Sir O. Mosley (which one is correct?),Sir O. Mosley 
Sir T. Metealfe,Sir T. Metcalfe
SIR UGHTRED KAY-SMUTTLEWORTH,SIR UGHTRED KAY-SHUTTLEWORTH
SIR W. BARTTBLOT,SIR W. BARTTELOT
SIR W. BARTTELLOT,SIR W. BARTTELOT
Sir W. Mole s worth,Sir W. Molesworth
SIR W. SOMBRVILLE,SIR W. SOMERVILLE
SIR WILLIAM HARCOORT,SIR WILLIAM HARCOURT
SIR. Stansfeld,Sir Stansfeld
SOLICITOR GENERAL FOB IRELAND,SOLICITOR GENERAL FOR IRELAND
Solicitor general fok scotland ,solicitor general for scotland
SOLICITOR GEXERAL,SOLICITOR GENERAL
SOLIOITOR GENERAL FOR IRELAND,Solicitor General For Ireland
STATE FOB FOREIGN AFFAIRS,STATE FOR FOREIGN AFFAIRS
STATE FOB THE COLONIES ,STATE FOR THE COLONIES 
STATE FOB THE COLONIES (change to for),STATE FOR THE COLONIES 
STATE FOE THE COLONIES,STATE FOR THE COLONIES
STATE TOR FOREIGN AFFAIRS,STATE FOR FOREIGN AFFAIRS
Stoart Wortley,Stuart Wortley
T. M. HBALY,T. M. HEALY
THE ATTORNET GENERAL FOR IRELAND (Mr. LAW),THE ATTORNEY GENERAL FOR IRELAND (Mr. LAW)
THE BISHOP OF LLANDAFE,THE BISHOP OF LLANDAFF
The Chan. of the Exchequer,The Chancellor of the Exchequer
The Chanc. of the Exchequer,The Chancellor of the Exchequer 
The Chanc. of tie Excheq.,The Chancellor of the Exchequer 
The Chancellar the Exchequer,The Chancellor of the Exchequer
The Chancellor if the Exchequer,The Chancellor of the Exchequer
The Chancellor of die Exchequer,The Chancellor of the Exchequer 
THE CHANCELLOR OF THE EXCHE QUER,THE CHANCELLOR OF THE EXCHEQUER
The Chancellor of the. Exchequer,The Chancellor of the Exchequer 
The Chancellor of tie Exchequer,The Chancellor of the Exchequer
THE CHANCELLOR OF TUE EXCHEQUER,THE CHANCELLOR OF THE EXCHEQUER
The Chancellor of' the Exchequer,The Chancellor of the Exchequer
THE CHANCELLOROF THE EXCHEQUER,THE CHANCELLOR OF THE EXCHEQUER
The Chancellsr of the Exchequer.,The Chancellor of the Exchequer
THE CHIEF SECRETARY TOE IRELAND,THE CHIEF SECRETARY TO IRELAND
THE DUKE OF ARGTYLL,THE DUKE OF ARGYLL
THE EAEL OF CHICHESTER,THE EARL OF CHICHESTER
THE EAEL OF DONOUGHMORE,THE EARL OF DONOUGHMORE
THE EARD OE CAMPERDOWN,THE EARL OF CAMPERDOWN
The Earl of Caernarvon,The Earl of Carnarvon
THE EARL OF DONOUUHMORE,THE EARL OF DONOUGHMORE
The EARL of GLBNGALL,The EARL of GLENGALL
The EARL of HABROWBY,The EARL of HARROWBY
The EARL of HARDWICKDE,The EARL of HARDWICKE
THE EARL OF KTMBERLEY,THE EARL OF KIMBERLEY
The Earl of Lauderdate,The Earl of Lauderdale
THE EARL OF LELTRIM,THE EARL OF LEITRIM
The EARL of MALMBSBURY,The EARL of MALMESBURY
The Earl of Westn Oreland,The Earl of West Ireland 
THE FIRST COMMISSIONER or WORKS,THE FIRST COMMISSIONER of WORKS
THE FIRST LORD OP THE ADMIRALTY,THE FIRST LORD OF THE ADMIRALTY
The lard-Chancellor,The lord Chancellor
THE MARQTESS OF WESTMEATH,THE MARQUESS OF WESTMEATH
THE MARQUESS of CLANEICAEDE,THE MARQUESS of CLANRICARDE
THE MARQUESS OF CLANRICAEDE,THE MARQUESS OF CLANRICARDE
The MARQUESS of LANSPOWNE,The MARQUESS of LANSDOWNE
The Marquis of Buckinghnm,The Marquess of Buckingham
The Marquis of Lans-downe,Marquess of Lansdowne
The Marquis of Lansdownne,Marquess of Lansdowne
THE MARUQESS OF NORMANBY,The Marquess of Normanby
THE MARUQESS OF NORMANBY,The Marquess of Normanby
THE MARUQESS OF NORMANBY,THE MARQUESS OF NORMANBY
THE SECRETARY OF STATE TOE THE HOME DEPARTMENT ,THE SECRETARY OF STATE FOR THE HOME DEPARTMENT
THE SECRETARY OF STATE TOE THE HOME DEPARTMENT,THE SECRETARY OF STATE FOR THE HOME DEPARTMENT
THE SECRETARY OF STATE TOE THE HOME DEPARTMENT,THE SECRETARY OF STATE FOR THE HOME DEPARTMENT
The Secretay,The Secretary
The Marquess of Normanby,The Marquess of Normanby
THE SOLICITOR GENERAL FOR IRALAND,THE SOLICITOR GENERAL FOR IRELAND
THE SOLICTTOR GENERAL,THE SOLICITOR GENERAL
THE SOLIOITOR GENERAL FOR IRELAND ,THE SOLICITOR GENERAL FOR IRELAND
THE SOLIOITOR GENERAL FOR IRELAND (Mr. W. M. JOHNSON),THE SOLICITOR GENERAL FOR IRELAND (Mr. W. M. JOHNSON)
THE UNDERSECRETARY or STATE FOR FOREIGN AFF AIRS (change to the under secretary of state for foreign affairs),the under secretary of state for foreign affairs
THE. LORD ADVOCATE,THE LORD ADVOCATE
The> Marquis of Lansdowne,The Marquis of Lansdowne
TheChancellor of the Exchequer,The Chancellor of the Exchequer 
THK FIRST LORD,THE FIRST LORD
THR EAEL OF JERSEY,THE EARL OF JERSEY
TO THB TREASURY,TO THE TREASURY
TUB TREASURY ,THE TREASURY
TUB TREASURY,THE TREASURY
UNDER SECRETARY OF STATE NOR WAR,Under Secretary of state for war
UNDER. SECRETARY OF STATE FOR FOREIGN AFFAIRS,under secretary of state for foreign affairs
VICE-PRESIDE VT OF THE DEPARTMENT OF AGRICULTURE FOR IRELAND,VICE-PRESIDENT OF THE DEPARTMENT OF AGRICULTURE FOR IRELAND
VICK PRESIDENT OF THE COUNCIL,VICE PRESIDENT OF THE COUNCIL
VISCOTOT PALMERSTON,VISCOUNT PALMERSTON
VISCOUNT CASTLERBAGH,VISCOUNT CASTLEREAGH
Viscount CEANBKOOK,Viscount CRANBROOK
Viscount CKANBBOOK),Viscount CRANBROOK
VISCOUNT EBRIMGTON,VISCOUNT EBRINGTON
Viscount Mclville,Viscount Melville
VVASON,Wason
WILLTAM ABRAHAM,William Abraham
ZOUCHE OF HARYNG-WORTH,ZOUCHE OF HARRINGWORTH
A. J. BALFOUR,A. J. BALFOR
AD-JMIRALTY,ADMIRALTY
ANOBLELORD,A NOBLE LORD
ATTORNEY - GENERAL,ATTORNEY GENERAL
ATTORNEY-GENERAL,ATTORNEY GENERAL
ATTORNEY-GENERAL,ATTORNEY GENERAL
ATTORNEY-GENERAL FOE IRELAND,ATTORNEY GENERAL FOR IRELAND
BALFOLR,BALFOUR
BALFOUE,BALFOUR
BALFOUE OF BURLEIGH,BALFOUR OF BURLEIGH
BALFOUR of BURLEICH,BALFOUR OF BURLEIGH
BALFOUR OF BURLEIUGH,BALFOUR OF BURLEIGH
BISHOP OF MANCHESTE,BISHOP OF MANCHESTER
BOARD OF. TRADE,BOARD OF TRADE
BOARD or EDUCATION,BOARD OF EDUCATION
CAHRLES DILKE,CHARLES DILKE
CAMP BELL-BANNERMAN,CAMPBELL-BANNERMAM
CAMPBELL-BANNER-MAN,CAMPBELL-BANNERMAM
CAMPBELL-BANNERMAM,CAMPBELL-BANNERMAM
CAMPBELL-BANNERMAN,CAMPBELL-BANNERMAM
CAPTAIN DON ELAN,CAPTAIN DONELAN
CAPTAIN DONELN,CAPTAIN DONELAN
CARPINGTON,CARRINGTON
CHAELES DILKE,CHARLES DILKE
CHAIRNAN of COMMITTEES,CHAIRMAN of COMMITTEES
CHAMBEPLAIN,CHAMBERLAIN
CHANBORNE,CRANBORNE
CHARLES BERESEOHD,CHARLES BERESFORD
CHARLES BERESFORD,CHARLES BERESFORD
CHARLES MCARTUR,CHARLES MCARTHUR
CHARLESDILKE,CHARLES DILKE
COLONEI,COLONEL
COLONEL BLUNUELL,COLONEL BLUNDELL
COLONEL LOCK WOOD,COLONEL LOCKWOOD
COLONELPRYCE-JONES,COLONEL PRYCE-JONES
CRAN BORNE,CRANBORNE
DE. FARQUHARSON,DR. FARQUHARSON
DEPUTY-CHAIRMAN,DEPUTY CHAIRMAN
Devoriport,Devonport
DR. MACNAAIARA,DR. MCNAMARA
DR. MACNAMARDR.,DR. MCNAMARA
DR. MACNAMRA,DR. MCNAMARA
Duck of DEVONSHIRE,DUKE of DEVONSHIRE
DUCK OF NORFOLK,DUKE OF NORFOLK
DUKE OF ROXBURGHE,DUKE OF ROXBURGHE
EARL BEATCHAMP,EARL BEAUCHAMP
EARL BKAUCHAMP,EARL BEAUCHAMP
EARL CAERINGTON,EARL CARRINGTON
EARL CAREINGTON,EARL CARRINGTON
Earl of DONOUGHMORB,Earl of DONOUGHMORE
Earl of HAKDWIOKE,EARL OF HARDWICKE
EARL OF HALSBUHY,EARL OF HALSBURY
Earl of HARD-WICKE,EARL OF HARDWICKE
Earl of HARD-WICKE,EARL OF HARDWICKE
Earl of HARD-WICKE,Earl of HARDWICKE
EARL OF HASDWICKE,EARL OF HARDWICKE
EARL OF MOUNT-EDGCUMBE,EARL OF MOUNT EDGCUMBE
EARl OF ROSEBERY,EARL OF ROSEBERY
EARL OK HALSBURY,EARL OF HALSBURY
EARL OK HARDWICKE,Earl of HARDWICKE
EARL or HALSBCJRY,EARL OF HALSBURY
EARL SPENGER,EARL SPENCER
EARLOF SHAFTESBURY,EARL OF SHAFTESBURY
EDMUND FITLMALURICE,EDMUND FITZMAURICE
EDUCATION(The Marquess,EDUCATION (The Marquess
FIRST LOUD OF THE TREASURY,FIRST LORD OF THE TREASURY
FOR FOREIGN Ar FAIRS,FOR FOREIGN AFFAIRS
FORTE SCUE FLANNERY,FORTESCUE FLANNERY
GEORAGE KEMP,GEORGE KEMP
GEORGE KKMP,GEORGE KEMP
GERORGE KEMP,GEORGE KEMP
Gloucester-shire,Gloucestershire
H. CAMPBELL-BANNEEMAN,H. CAMPBELL-BANNERMAN
HARD WICKE,HARDWICKE
HAYKS FISHER,HANS FISHER
KEIR HAEDIE,KEIR HARDIE
Kirkealdy Burghs,Kirkcaldy Burghs
LOED BRASSEY,LORD BRASSEY
LOED STANMORE,LORD STANMORE
LOEDBISHOP OF HEREFORD,LORD BISHOP OF HEREFORD
LORD BALFOUR OF BUKLEIGH,LORD BALFOUR OF BURLEIGH
LORD BISHOP OF MAN CHESTER,LORD BISHOP OF MANCHESTER
LORD BUEGHCLERE,LORD BURGHCLERE
LORD BURGHOLERE,LORD BURGHCLERE
LoRD CHANBORNE,LORD CRANBOURNE
LORD CHARLES BERESFORD,LORD CHARLES BERESFORD
LORD CRAN-BORNE,LORD CRANBOURNE
LORD CRANBOUNE,LORD CRANBOURNE
Lord CRAXBORNE,LORD CRANBORNE
LORD EDMUNDFITZMAITRICE,LORD EDMUND FITZMAURICE
LORD GRAN BORNE,LORD GRANT BORNE
LORD LAMINGTOX,LORD LAMINGTON
LORD MONKSWEIL,LORD MONKSWELL
LORD TWKKDMOGTH,LORD TWEEDMOUTH
LORD. HUGH CECIL,LORD HUGH CECIL
LORDBISHOP OF HEREFORD,LORD BISHOP OF HEREFORD
LORT> STANMORE,LORD STANMORE
LOUD BlSHOP of HEREFORD,LORD BISHOP OF HEREFORD
LOUD CRANBORNE,LORD CRANBORNE
Loup DAVEY,LORD DAVEY
MACVEAGH,MACVEAGH
MAELBOROUGH,MARLBOROUGH
MAHQUESS OF GRANBY,MARQUESS OF GRANBY
MANCHERJEE BHOWNAG-GREE,MANCHERJEE BHOWNAGREE
MARQUESS OF LAN8DOWNE,MARQUESS OF LANSDOWNE
MARQUESS OF RLPON,MARQUESS OF RIPON
MARQUESS or LONDONDEUX,MARQUESS OF LONDONDERRY
McHUCH,McHUGH
Morimouthshire,Monmouthshire
MR BOUSFIEDL,MR BOUSFIELD
MR. .SAMUEL EVANS,MR. SAMUEL EVANS
MR. ALFRED IIUTTON,MR. ALFRED SUTTON
MR. ASQULTH,MR. ASQUITH
Mr. ATK INSON,Mr. ATKINSON
MR. BECKENTT,MR. BECKETT
MR. BKODRICK,MR. BRODERICK
MR. BOUSEIELD,MR. BOUSFIELD
MR. BRODEICK,MR. BRODERICK
MR. BRYNMORJ0NES,MR. BRYNMOR JONES
MR. BRYNROBERTS,MR. BRYN ROBERTS
MR. BUCHANA,MR. BUCHANAN
MR. CABEW,MR. CABLE
MR. CATHCAET WASON,MR. CATHCART WASON
Mr. CEIPPS,Mr. CRIPPS
MR. CKOOKS,MR. CROOKS
MR. CONORO'KELLY,MR. CONOR O'KELLY
MR. COUETENAY WARNER,MR. COURTENAY WARNER
MR. CREMEB,MR. CREMER
MR. DALZIEI,MR. DALZIEL
MR. DAVIDMACIVER,MR. DAVID MACIVER
MR. DELAXY,MR. DELACY
MR. EMMOTTM,MR. EMMOTT
MR. ERXEST GRAY,MR. ERNEST GRAY
MR. FORDERIDLEY,MR. FORDE RIDLEY
MR. GERALD BALIOUR,MR. GERALD BALFOUR
MR. GERALID BALFOUR,MR. GERALD BALFOUR
MR. HABMSWOBTH,MR. HEMSWORTH
MR. HATES FISHER,MR. HAYES FISHER
MR. HERBEIIT ROBERTS,MR. HERBERT ROBERTS
MR. HERBERT BOBERTS,MR. HERBERT ROBERTS
MR. HERBERT ROBESTSON,MR. HERBERT ROBERTSON
Mr. HEYOODD JOHNSTONE,Mr. HEYWOOD JOHNSTONE
Mr. J. W. LOWTHLER,Mr. J. W. LOWTHER
MR. KEIRHARDIE,MR. KEIR HARDIE
MR. LLOYD-GEORCE,MR. LLOYD-GEORGE
MR. LLOYID-GEORGE,MR. LLOYD-GEORGE
MR. LLYOD-GEOEGE,MR. LLOYD-GEORGE
MR. M c C R A E,MR. MCRAE
MR. M c C R A E,MR. MCRAE
MR. M'GOVERN',MR. MCGOVERN
MR. M`KENNA,MR. MCKENNA
MR. M1DDLEMORE,MR. MIDDLEMORE
Mr. MAC VEAGH,Mr. MCVEAGH
MR. MACONOCHIE,MR. MACONOCHIE
Mr. MACVEAGH,Mr. MCVEAGH
MR. MAKKHAM,MR. MARKHAM
MR. MANSF1ELD,MR. MANSFIELD
MR. MORRKLL,MR. MORRILL
MR. OOURTENAY WAENER,MR. COURTENAY WARNER
Mr. PBETYMAN,Mr. PRETTYMAN
Mr. PNETYMAN,Mr. PRETTYMAN
MR. RENEDMOND,MR. REN EDMOND
Mr. RUNCIMAN,Mr. RUNCIMAN
MR. RUNCINIAN,Mr. RUNCIMAN
MR. STOPFORD SACRVILLE,MR. STOPFORD SACKVILLE
MR. SYDNEY BUXTOX,MR. SYDNEY BUXTON
MR. SYDNEYYRUXTON,MR. SYDNEY BUXTON
MR. THOMASSHAW,MR. THOMAS SHAW
MR. VICAUY GIBBS,MR. VICARY GIBBS
MR. WALTER PALMIER,MR. WALTER PALMER
MR. WH1TLEY,MR. WHITLEY
MR. WIILIAM REDMOND,MR. WILLIAM REDMOND
MR. WYNDRAM,MR. WYNDHAM
MR.EAMENDROBERTSON,MR. EDMUND ROBERTSON
MR.JOHN BURNS(Battersea),MR. JOHN BURNS
MR.MILVAIN,MR. MILVAIN
MRGEORGE WHITELEY,MR GEORGE WHITELEY
PEETYMAN,PRETYMAN
POSTMASTER-GENERAL,POSTMASTER GENERAL
ROBEBT FINLAY,ROBERT FINLAY
SECRETARY OK STATE,SECRETARY OF STATE
SECRETARY TO THE TREASUR,SECRETARY TO THE TREASURE
SECRETARY TO TME BOARD,SECRETARY TO THE BOARD
SIR A. ACLAND-HOOD (Somersetshire,SIR A. ACLAND-HOOD
SIR A. HAYTUR,SIR A. HAYTER
SIR CHARLES D1LKE,SIR CHARLES DILKE
SIR CHARLES DIL E,SIR CHARLES DILKE
SIR EDWA RD GREY,SIR EDWARD GREY
Sir EDWARARD CARSON,Sir EDWARD CARSON
SIR EDWARDGREY,SIR EDWARD GREY
SIR FONTESCUE FLANNERY,SIR FORTESCUE FLANNERY
SIR FORTESCUE FLANNER,SIR FORTESCUE FLANNERY
SIR FREDERICK DIXON-HART-LAND,SIR FREDERICK DIXON-HARTLAND
SIR GEORGE BAETLEY,SIR GEORGE BAILEY
SIR H. CAMPBELLBAN-NERMAN,SIR H. CAMPBELL-BANNERMAN
SIR H. MEYSEY - THOMPSON,SIR H. MEYSEY-THOMPSON
SIR JOSEPH LEKSE,SIR JOSEPH LEESE
SIR JOSEPH- LEESE,SIR JOSEPH LEESE
SIR ROBERT FIXLAY,SIR ROBERT FINLAY
SIR ROBERT RELD,SIR ROBERT REID
SIR ROBERTFINLAY,SIR ROBERT FINLAY
Sir WILLIAM ANSON,Sir WILLIAM ANSON
SIR WILLIAM. ANSON,Sir WILLIAM ANSON
SIR. MANCHEEJEE BHOWNAGGREE,SIR. MANCHERJEE BHOWNAGREE
SIR. MANCHERJEE BHOWNAGGREE,SIR. MANCHERJEE BHOWNAGREE
SIRROBERT FINLAY,SIR ROBERT FINLAY
SOLICITOR - GENERAL,SOLICITOR GENERAL
SOLICITOR - GENERAL,SOLICITOR GENERAL
SOLICITOR-GENERAL,SOLICITOR GENERAL
SOLICITOR-GENERAL,SOLICITOR GENERAL
SOLICITOR-GENERAL,SOLICITOR GENERAL
SPENOER,SPENCER
STATE FOE FOREIGN,STATE FOR FOREIGN
THE 'EARL OF PORTSMOUTH,THE EARL OF PORTSMOUTH
THE ADMIL ALTY,THE ADMIRALTY
THE CHAPRMAN,THE CHAIRMAN
THE CHIEF SECRETARY Foil IRELAND,THE CHIEF SECRETARY FOR IRELAND
THE DUKE OF DEVONDHIRE,THE DUKE OF DEVONSHIRE
THE DUKE OK DEVONSHIRE,THE DUKE OF DEVONSHIRE
THE EALL or PORTSMOUTH,THE EARL OF PORTSMOUTH
THE EARL or CAMPERDOWN,THE EARL OF CAMPERDOWN
THE EART,THE EARL
THE LORD CHANCELLORE,THE LORD CHANCELLOR
THE LORDBISHOP OF CHICHESTER,THE LORD BISHOP OF CHICHESTER
THE MAKQUESS OF LONDONDERRY,THE MARQUESS OF LONDONDERRY
THE-LORD ARCHBISHOP OF CANTERBURY,THE LORD ARCHBISHOP OF CANTERBURY
THE: ATTORNEY GENERAL,THE ATTORNEY GENERAL
THOMASDEWAR,THOMAS DEWAR
Tweed mouth,TWEEDMOUTH
TWEEDMOITTH,TWEEDMOUTH
UNDER-SECRETARY,UNDER SECRETARY
UNDER-SECRETARY OF STATE FOR WAR,UNDER SECRETARY OF STATE FOR WAR
UNDER-SECRETARy ofSTATE FOR,UNDER SECRETARY OF STATE FOR
UNDERSECRETARY OF STATE,UNDER SECRETARY OF STATE
UNDERSECRETARY OF STATE FOR FOREIGN AFFAIRS,UNDER SECRETARY OF STATE FOR FOREIGN AFFAIRS
WILLIAM HABCOURT,WILLIAM HARCOURT
A. J. BALFOHI,A. J. BALFOUR
BALFOUH,BALFOUR
BALFOUR OF BURLEHIGH,BALFOUR OF BURLEIGH
BLUNDELL MAPLE,BLUNDELL MAPLE
CATHCARTWASON,CATHCART WASON
CHANN1NG,CHANNING
CHARLES BERESFOED,CHARLES BERESFORD
COEIUE GRANT,CORINNE GRANT
COLONEL. DENNY,COLONEL DENNY
COLONEL. SAUNDERSON,COLONEL SAUNDERSON
DAVID MACIVER,DAVID MACIVER
DICKSON-POYXDER,DICKSON-POYNDER
DR. MACNAMAHA,DR. MCNAMARA
DR. MACXAMAEA,DR. MCNAMARA
EARL OF ERROL,EARL OF ERROLL
EARL OF GAMPERDOWN,EARL OF CAMPERDOWN
Earl of HARD-WICKE,EARL OF HARDWICKE
EDMUND ROBEETSON,EDMUND ROBERTSON
FARQHARSON,FARQUHARSON
FARQUH ARSON,FARQUHARSON
GEORGE WHLITELEY,GEORGE WHITELEY
HEEBERT LEWIS,HERBERT LEWIS
HERE-FORD,HEREFORD
HUMPHREYS-0WEN,HUMPHREYS-OWEN
KEIR BARDIE,KEIR HARDIE
Kircudbrightshire,Kirkcudbrightshire
LDMIND ROBERTSON,EDMUND ROBERTSON
LIEUT.-COLONEL PRYCE JONES,LIEUT. COLONEL PRYCE-JONES
LOCAL OOVERNMENT BOARD,LOCAL GOVERNMENT BOARD
LORD BALFOUROFBUELEIGH,LORD BALFOUR OF BURLEIGH
LORD CHARLES BERESEORD,LORD CHARLES BERESFORD
LORD EDMUND FITTZMAURICE,LORD EDMUND FITZMAURICE
LORD EDMUND FITZ-MAUBICE,LORD EDMUND FITZMAURICE
LORD HERHIES,LORD HERRIES
MAONAMARA,MCNAMARA
MARQUES,MARQUES
MK. SPEAKER,MR. SPEAKER
MR CORRIEGRANT,MR CORRIE GRANT
MR. BEOADHUEST,MR. BROADHURST
MR. BRYNROBERTS,MR. BRYN ROBERTS
MR. CEIPPS,MR. CRIPPS
MR. CHARLES HOBIIOUSE,MR. CHARLES HOBHOUSE
MR. CIIANNING,MR. CANNING
MR. COKRIE GKANT,MR. CORRIE GRANT
MR. GUTIIRIE,MR. GUTHRIE
MR. HALDANEx,MR. HALDANE
MR. HAROLD RECKLTT,MR. HAROLD RECKITT
MR. HEBERT LEWIS,MR. HERBERT LEWIS
MR. HEYWOOD JOHN-STONE,MR. HEYWOOD JOHNSTONE
MR. LAM BERT,MR. LAMBERT
MR. LAMBTOX (change to Lambton),MR. LAMBTON
MR. M'GOVKRN,MR. MCGOVERN
MR. MAEKHAM,MR. MARKHAM
MR. MIDPLEMORE,MR. MIDDLEMORE
MR. O'DOWI),MR. O'DOWD
MR. PICKAED,MR. PICKARD
MR. SAMUELEVANS,MR. SAMUEL EVANS
MR. SHEEHAX,MR. SHEEHAN
MR. SWIFT M ACNEILL,MR. SWIFT MACNEILL
MR.. MOULTON,MR. MOULTON
MR..DILLON,MR. DILLON
SECRETARY or STATE FOR WAR (LORD RAGLAN),SECRETARY OF STATE FOR WAR (LORD RAGLAN)
SEYMOUR ORMSBY-GORE,SEYMOUR ORMSBY-GORE
SIR ALBEBT ROLLIT,SIR ALBERT ROLLIT
SIR EDWAED STEACHEY,SIR EDWARD STRACHEY
SIR EDWARD STRAHEY,SIR EDWARD STRACHEY
SIR FORTESCUEFLANNERY,SIR FORTESCUE FLANNERY
SIR JOHNKENNAWAY,SIR JOHN KENNAWAY
SIR RICHAED JEBB,SIR RICHARD JEBB
SIR SAVILE CKOSSLEY (Halifax),SIR SAVILE CROSSLEY (Halifax)
SIR THOMAS ROE,SIR THOMAS ROE
SIR WALTERFOSTER,SIR WALTER FOSTER
SIR WALTKK FOSTER,SIR WALTER FOSTER
SIR WILLIAM HARCOUUT,SIR WILLIAM HARCOURT
SMALL HOUSES ACQUISITION ACT. MR. FIELD,SMALL HOUSES ACQUISITION ACT MR. FIELD
SWIFTMACNEILL,SWIFT MACNEILL
THE EARL OF NORTHBKOOK,THE EARL OF NORTHBROOK
THOMAS BAYLKY,THOMAS BAYLEY
UNDEE SECRETARY,UNDER SECRETARY
VICE - PRESIDENT,VICE PRESIDENT
MR. SHA.CKLETON,MR. SHACKLETON
UNDER-SECRETAEY,UNDER SECRETARY
MR. BERTEAM,MR. BERTRAM
Sir EDWARD STEACHEY,SIR EDWARD STRACHEY
Sir EDWAED STRACHEY,SIR EDWARD STRACHEY
SECRETAEY of STATE,SECRETARY OF STATE
LORD GLENTAWE,LORD GLYNTAWE
CAPTAIN- CRAIG,CAPTAIN CRAIG
SIR EDWARD GEEY,SIR EDWARD GREY
MR. ARTHURLEE,MR. ARTHUR LEE
SIR ROBERT HOBAET,SIR ROBERT HOBART
Camp-bell-Bannerman,Campbell-Bannerman
WILLIAM BRAMPTON GUKDON,WILLIAM BRAMPTON GURDON
THE-SECRETARY OF STATE,THE SECRETARY OF STATE
Mr. BIERELL,Mr. BIRRELL
CHARLES HOB-HOUSE,CHARLES HOBHOUSE
IRE LAND,IRELAND
Sir J. BET HELL,Sir J. BETHELL
SIR GEORGE EARDELL,SIR GEORGE WARDELL
MR. CHARLESCRAIG,MR. CHARLES CRAIG
CAMPBELL-BAN HERMAN,CAMPBELL-BANNERMAN
EARL. OF DONOUGHMORE,EARL OF DONOUGHMORE
SECRETARY FUR IRELAND,SECRETARY FOR IRELAND
EARL OFCREWE,EARL OF CREWE
EARL OFCAMPERDOWN,EARL OF CAMPERDOWN
LORD BALFOUR or BURLEIGH,LORD BALFOUR oF BURLEIGH
EARL OFHALSBURY,EARL OF HALSBURY
BAN BURY,BANBURY
MR. CHAELES CRAIG,MR. CHARLES CRAIG
SIR MAURICELEVY,SIR MAURICE LEVY
EARL OF HALSBUBY,EARL OF HALSBURY
EARL of HALSBUKY,EARL of HALSBURY
STANLEY OFALDEKLEY,STANLEY ALDERLEY
EARL CARMNGTON,EARL CARRINGTON
LORD WEAEDALE,LORD WEARDALE
MUNRO PERGUSON,MUNRO FERGUSON
CHAIRMAN or WAYS,CHAIRMAN OF WAYS
BALFOUK OF BURLEIGH,BALFOUR OF BURLEIGH
MR. NOELBUXTON,MR. NOEL BUXTON
MR. SCOTTDICKSON,MR. SCOTT DICKSON
MR- ATKINSON,MR. ATKINSON
GOVEENMENT BOARD,GOVERNMENT BOARD
MR. CHUECHILL,MR. CHURCHILL
UNDERSECRETARY,UNDER SECRETARY
MABQUESS OF WINCHESTER,MARQUESS OF WINCHESTER
GOVERNMENT BOAED,GOVERNMENT BOARD
MR. HARMOOD-BANNEE,MR. HARMOOD-BANNER
TINDER-SECRETARY,TINDER SECRETARY
MR. HERIBERT SAMUEL,MR. HERBERT SAMUEL
Mr. CRKMEE,Mr. CLARKE
MR. COURTHORPE,MR. COURTHOPE
MR. LAUEENCE HARDY,MR. LAURENCE HARDY
MR. BEOADHURST,MR. BROADHURST
EARL or CREWE,EARL oF CREWE
MARQUESS or LANSDOWNE,MARQUESS oF LANSDOWNE
Lord FITZ-MAURICE,Lord FITZMAURICE
EARL OF CAMPERDOWK,EARL OF CAMPERDOWN
MR. LONSDALH,MR. LONSDALE
MR. FETHERSTONHAUGH,MR. FETHERSTONHAUGH
LOKD MONKSWELL,LORD MONKSWELL
ME. POWEE,MR. POWER
MR. HARCOUET,MR. HARCOURT
MR. HAECOURT,MR. HARCOURT
MR. KEIK HARDIE,MR. KEIR HARDIE
GEORGE WHITE LEY,GEORGE WHITELEY
GEORGE WHITBLEY,GEORGE WHITLEY
MR. STUART WORTLKY,MR. STUART WORTLEY
THOMAS O'DOMNELL,THOMAS O'DONNELL
SIR ROBERT HOBAHT,SIR ROBERT HOBART
MR. RUNCI.MAN,MR. RUNCIMAN
EARL OP CAMPERDOWN,EARL OF CAMPERDOWN
MR. ASTBUEY,MR. ASTBURY
Sir EDWARDGREY,Sir EDWARD GREY
MR. PICKERSG1LL,MR. PICKERSGiLL
MR. GLAUDK HAY,MR CLAUDE HAY
MR. BKYCE,MR. BOYCE
SIR W. ROBSOX,SIR W. ROBLOX
LOUD R. CECIL,LORD R. CECIL
WAKE-FIELD,WAKEFIELD
HERE-FORD,HEREFORD
MARQUESS OF LAXSDOWNS,MARQUESS OF LANSDOWNE
MR. EUNCIMAN,MR. RUNCIMAN
STATE FOB WAR,STATE FOR WAR
COLONEL KENYONSLANEY,COLONEL KENYON SLANEY
FAUSTEN CHAMBERLAIN,AUSTEN CHAMBERLAIN
CIVIL LOED,CIVIL LORD
SIR A. ACLAND-H00D,SIR A. ACLAND-HOOD
COLONEL LOCKW00D,COLONEL LOCKWOOD
MR. COREIE GRANT,MR. COREY GRANT
MR. LUPTOX,MR. LUPTON
COLONEL ENYON-SLANEY,COLONEL KENYON-SLANEY
EARL OP JERSEY,EARL OF JERSEY
THE DUKE OK MARLBOROUGH,THE DUKE OF MARLBOROUGH
EARL OP CREWE,EARL OF CREWE
EARL OF CAMPEEDOWN,EARL OF CAMPERDOWN
MR. G1NNELL,MR. GINNELL
Earl of PORTS-MOUTH,Earl of PORTSMOUTH
EARL OF POETSMOUTH,EARL OF PORTSMOUTH
EARL OF DONOCJGHMORE,EARL OF DONOUGHMORE
LOED CHANCELLOE ,LORD CHANCELLOR
Lord LOREBURN,Lord LOREBURN
MR. AUSTEN CHAMBELAIN,MR. AUSTEN CHAMBERLAIN
MR. COCHEANE,MR. COCHRANE
HARMOODBANNER,HARMOOD-BANNER
EARL OF OREWE,EARL OF CREWE
LORD ASHBOUKNE,LORD ASHBOURNE
MR. BOWEEMAN,MR. BOWERMAN
ADMIR ALTY,ADMIRALTY
MR. COCHRAXE,MR. COCHRANE
MAJOR ANSTEUTHEE-GRAY,MAJOR ANSTEUTHEE-GRAY
MAJOR ANSTRUTIIER-GRAY,MAJOR ANSTRUTHER-GRAY
MR. CHUKCHILL,MR. CHURCHILL
MR. FIENNKS,MR. FIENNES
MR. B E R T R A M,MR. BERTRAM
SIR. BRAMPTON GURDON,SIR. BRAMPTON GURDON
LORD JAMES OK HEREFORD,LORD JAMES OF HEREFORD
UNDERSECRETARY OF STATE FOR FOREIGN AFFAIRS ,UNDER SECRETARY OF STATE FOR FOREIGN AFFAIRS 
UNDER SECRETARY OF STATE FOE THE COLONIES,UNDER SECRETARY OF STATE FOR THE COLONIES
A. J.BALPOUR,A. J. BALFOUR
MR. CTTNINGHAME GRAHAM,MR. CUNNINGHAME GRAHAM
HERSCHBLL,HERSCHEL
Watorford,Waterford
J. P. FAREELL ,J. P. FARRELL
J. CHAMBER-lain,J. CHAMBERlain
HEDDERWTCK ,HEDDERWICK
BRODBICK,BRODBECK
EDMUNDROBERTSON(Dundee),EDMUND ROBERTSON (Dundee)
MR. KEAELEY,MR. KEELEY
LORD RIB BLESDALE,LORD RIBBLESDALE
MR. J. CHAMBERLAI`N,MR. J. CHAMBERLAIN
SIR HENRY HOWORTH(Salford,SIR HENRY HOWARTH (Salford
WEDDEBBURN,WEDDERBURN
"MR. GIBSON"" BOWLES",MR. GIBSON BOWLES
RTTCHIE,RITCHIE
SIR H. CAMPBELLBANNERMAN,SIR H. CAMPBELL BANNERMAN
ACLANDHOOD,ACLAND HOOD
LLOYD-GEOEGE,LLOYD-GEORGE
HUMPHREYSOWEN,HUMPHREYS OWEN
SWIFT MACNKILL,SWIFT MAC KILL
MR. PICKAKD,MR. PICKARD
SIR LEONAED LYELL,SIR LEONARD LYELL
MR. HEDDEEWICK,MR. HEDDERWICK
MR. JAMESLOWTHER,MR. JAMES LOWTHER
HENEAUE,HEANUE
NOETHBEOOK,NORTHBROOK
PRESIDENT OF THE COUNCIL(The Duke of DEVONSHIRE),PRESIDENT OF THE COUNCIL (The Duke of DEVONSHIRE)
ASHMEAI) - BARTLETT,ASHMEAD - BARTLETT
STATE ROR THE COLONIES,STATE FOR THE
LORD BALCAREES,LORD BALCARRES
HAKCOURT,HARCOURT
CHURCHIIL,CHURCHILL
DEPUTY-CHAIR M AN,DEPUTY CHAIRMAN
SIR FBEDEEICK BANBUEY,SIR FREDERICK BANBURY
SIR.JOHN WALTON,SIR. JOHN WALTON
MR. CLEMENT EDWAEDS,MR. CLEMENT EDWARDS
SOLICITOR-GENEUAL,SOLICITOR-GENERAL
MR. HARMOOD-BANNKR,MR. HARMOOD-BANNER
MR. ASQUITHM,MR. ASQUITH
SOLICITOR-CENERAL,SOLICITOR GENERAL
FREDERICK B ANBURY,FREDERICK BANBURY
MR. S ALTER,MR. SALTER
ASQTJITH,ASQUITH
EAEL OF CREWE,EARL OF CREWE
MR. RUNCLMAN,MR. RUNCIMAN
MR. RUNC1MAN,MR. RUNCIMAN
MR. KEIR HAKDIE,MR. KEIR HARDIE
POSTMASTER - GENERA,POSTMASTER GENERAL
PITZMAURICE,FITZMAURICE
Mr. EDMI'ND ROBERTSON,Mr. EDMUND ROBERTSON
CHTOZZA MONEY,CHIOZZA MONEY
MR. BEETRAM,MR. BERTRAM
Sir W. BOBSON,Sir W. ROBSON
MR. ATHERFLEY-JONES,MR. ATHERLEY-JONES
CHARLES SCHWANX,CHARLES SCHWAB
MR. HAET-DAVIES,MR. HART-DAVIES
SIR THOMAS ESMOKDE,SIR THOMAS ESMONDE
MR. BELLATRS,MR. BELLATOR
MR. MITCHELL-THOMSOX,MR. MITCHELL-THOMSON
MR. HENNIKEK HEATON,MR. HENNIKER HEATON
CAMPBELL - BANNERMAN,CAMPBELL-BANNERMAN
MR. SPEAKEE,MR. SPEAKER
ASTBURY,ASTBURY
MR. HEEBERT,MR. HERBERT
MR. EUFUS ISAACS,MR. RUFUS ISAACS
EARL OF CREWB,EARL OF CREWE
WILLIAMBULL,WILLIAM BULL
SOLICITOK-GENERAL,SOLICITOR GENERAL
MR. HAEOLD COX,MR. HAROLD COX
CAPTAIN CEAIG,CAPTAIN CRAIG
LORD BALCAEEES,LORD BALCARRES
THE-EARL OF WEMYSS,THE EARL OF WEMYSS
Mr. CLAUDEHAY,Mr. CLAUDE HAY
LORD ELLKNBOROUGH,LORD ELLENBOROUGH
SIR EDWAKD GREY,SIR EDWARD GREY
MR. BRYCK,MR. BRYCE
MR. NOKMAN,MR. NORMAN
Mr. BROURICK,Mr. BRODERICK
Earl PEKCY,Earl PERCY
MR. SOAEES,MR. SOARES
CAMPBELL-BANNEBMAN,CAMPBELL-BANNERMAN
Mr. BEOMLEY DAVENPORT,Mr. BROMLEY DAVENPORT
Mr. BKODRICK,Mr. BRODERICK
MR. PATKICK O'BRIEN,MR. PATRICK O'BRIEN
MR. WHTTLEY,MR. WHITLEY
MR. PRRTYMAN,MR. PRRTYMAN
BEODRICK,BRODERICK
GERALD BALFOUK,GERALD BALFOUR
MARQUESS or LANSDOWNE,MARQUESS of LANSDOWNE
ARNOLD-FORSTEE,ARNOLD-FORSTER
MR. SAWIFT MACNEILL,MR. SWIFT MACNEILL
MR. ARTHURHENDERSON,MR. ARTHUR HENDERSON
MR. SHAGKLETON,MR. SHACKLETON
CHARLES. HOBHOUSE,CHARLES HOBHOUSE
DONOUGH-MORE,DONOUGHMORE
CHAELES RENSHAW,CHARLES RENSHAW
Earl of DONOUOH-MORE,Earl of DONOUGHMORE
SIR BEAMPTON GURDON,SIR BRAMPTON GORDON
SIR FREDERICK BANBUEY,SIR FREDERICK BANBURY
SIK GEORGE BARTLEY,SIR GEORGE BARTLEY
SOLICITOR-GENERAL,SOLICITOR GENERAL
MR. FINDLA Y,MR. FINDLAY
AKERS- DOUWLAS,AKERS DOUGLAS
TUFNSELL,TUFNELL
GENEEAL LAURIE,GENERAL LAURIE
UNDERSECRETARY,UNDER SECRETARY
MR. BOXAR LAW,MR. BOnAR LAW
Mr. BRODBICK,Mr. BRODBECK
EDMUND FITZMAURTCE,EDMUND FITZMAURICE
Mr. PEETYMAN,Mr. PRETTYMAN
Mr. BEODBICK,Mr. BRODBECK
DEPUTY- SPEAKER,DEPUTY SPEAKER
MR. BRIYCE,MR. BRYCE
MR. B1RRELL,MR. BiRRELL
ME. BIERELL,MR. BiRRELL
SIR CAENE RASCH,SIR CARNE RASCH
CAMPBELL-BANNERMAN,CAMPBELL BANNERMAN
A. .J. BALFOUR,A. J. BALFOUR
MR. LEHMAXN,MR. LEHMAN
SIR WILLTAM ANSON,SIR WILLIAM ANSON
MR. WILLIAM KUTHERFORD,MR. WILLIAM RUTHERFORD
MR. COOHRANE,MR. COCHRANE
Lord TWEEDMODTH,Lord TWEEDMOUTH
EARL OP CREWE,EARL OF CREWE
HAL DANE,HALDANE
MR. LEIIMANN,MR. LEITMANN
MR. W. K. RE A,MR. W. K. REA
MR. BA KER,MR. BAKER
CAMPBELL-BANNEUMAN,CAMPBELL BANNERMAN
SOLICITOR-GENERAL,SOLICITOR GENERAL
Mr. MOKENNA,Mr. MCKENNA
MR. FETIIERSTONHAUGH,MR. FETHERSTONHAUGH
BALFOUR OF BURLETGH,BALFOUR OF BURLEIGH
SIR HENRY KIMBEE,SIR HENRY KIMBER
EARL OF SELBOBNE,Earl of Selborne
MR. HAEWOOD,Mr. Harewood
MR. WHITTAKEK,Mr. Whitaker
SIR WILLIAM HOULDS WORTH,Sir William Houldsworth
MR. WILLI AM ALLAN,Mr. William Allan
DR. MACGNAMARA,Dr. Macnamara
SECRETARY TO TUE LOCAL,Secretary to the Local
CHAMHERLAIN,Chamberlain
MR. DISLRAELI,Mr. Disraeli 
MR. EITCHIE,Mr. Ritchie
AUSTEN CHAMBER-LAIN,Austen Chamberlain
WHITTAKEE,Whittaker
SIR WILLIAM HARGOURT,Sir William Harcourt
MR. BAULTON,Mr. Bolton
MR. BEODRIGK,Mr. Broderick
CRAN-BORNE,Cranborne
MR. CHARLES M'AETHUR,Mr. Charles McArthur
MR. HEYWOODJOHNSTONE,Mr. Heywood Johnstone
Mr. TATTON EGEUTON,Mr. Tatton Egerton
SIR WILLTAM HARCOURT,Sir William Harcourt
MANCHERJEE BHOWNAGGEEE,Mancherjee Bhownagree
MR. WYNPHAM,Mr. Wyndham
GEORGE WH1TELEY,George Whiteley
LORD EURGHCLERE,Lord Burghclere
GEORGE WHLTELEY,George Whiteley
WHITTAKEE,Whittaker
Mr. WYKDHAM,Mr. Wyndham
MR. ARTHURLEE,Mr. Arthur Lee
CHRISTOPHER FTJRNESS,Christopher Furness
SIR FORTESCTJE FLANNERY,Sir. Fortescue Flannery
LORD EDMUND FITZMAUEICE,Lord Edmond Fitzmaurice
MR. COURTENAYWARNER,Mr. Courtenay Warner
GEEALD BALFOUR,Gerald Balfour
SIR WTLLIAM TOMLINSON,Sir William Tomlison
GEEALD BALFOUR,Gerald Balfour
GRIFFITH BOSOAWEN,Arthur Griffith-Boscawen
LORD JAMES OF HEREFOKD,Lord James of Hereford
MR. GERALD BALPOUR,Mr. Gerald Balfour
Earl of DONOUHHMORE,Earl of Donoughmore
MR. COCHEANE,Mr. Cochrane
MR. MACKAKNESS,Mr. Mackaness
LORD HENEAGEM,Lord Heneage
MR. BEODIE,Mr. Brodie
MR. SHACKETON,Mr. Shackleton
ARNOLD - FORSTER,Arnold-Forster
ARNOLD - FORSTER,Arnold-Forster
ARNOLD-EORSTER,Arnold-Forster
ARNOLD-FORSTER,Arnold-Forster
ARNOLD-FQRSTER,Arnold-Forster
ARXOLD-FORSTEK,Arnold-Forster
BALFOUB,Balfour
BALFOUE,Balfour
BALFOUE,Balfour
BALFOUK,Balfour
BALFOUK,Balfour
CAMPBEEL-BANNEERMAN,Campbell-Bannerman
CAMPBELL-BANNEBMAN,Campbell-Bannerman
CAMPBELL-BANNEEMAN ,Campbell-Bannerman
CAMPBELL-BANNER MAN,Campbell-Bannerman
CAMPBELL-BANNER-MAN,Campbell-Bannerman
CAMPBELL-BAXNERMAN,Campbell-Bannerman
CAMPBFLL-BANNERMAN,Campbell-Bannerman
CHANCELLOR OF THE EN-CHEQUER,Chancellor of the Exchequer
CHANCELLOR or THE EXCHEQUER,Chancellor of the Exchequer
CHANCELLOR or the EXCHEQUER,Chancellor of the Exchequer
FEEGUSSON,Ferguson 
FEE-GUSSON,Ferguson 
FERGHSSON,Ferguson 
FERGHSSON,Ferguson 
FERGUS-IRON,Ferguson 
FERGUSON,Ferguson 
FERGUSSON,Ferguson 
GIBSON BOWLKS,Gibson Bowles
LORD CRANBOKNE,Lord Cranborne 
Lord CRAN-BORNE,Lord Cranborne 
Lord CRAN-BORNE,Lord Cranborne 
MANCHERJEE BHOWKAGGREE,Mancherjee Bhownagree
MANCHERJEE BHOWNAG GREE,Mancherjee Bhownagree
MANCHERJEE BHOWNAG-GREE,Mancherjee Bhownagree
MANCHERJEE BHOWNAG-GREK,Mancherjee Bhownagree
SECEETABY TO THE ADMIRALTY,Secretary to the Admiralty 
SECRETA RY,Secretary
SECRETAEY (secretary) ,Secretary 
SECRETARY FOE IRE LAND,Secretary for Ireland
SECRETARY FOR FORKIGN AFFAIRS,Secretary for Foreign Affairs 
SECRETARY for IRE,Secretary for Ireland
SECRETARY FOR IRE- [LAND,Secretary for Ireland
SECRETARY FOR IRE LAND,Secretary for Ireland
SECRETARY FOR IRLLAND,Secretary for Ireland
SECRETARY OF ST ATE FOR WAR,Secretary of State
SECRETARY OF STALE,Secretary of State for War
SECRETARY of STATE FOB THE,Secretary of State for the
SECRETARY OF STATE FOE FOREIGN AFFAIRS,Secretary of State for Foreign Affairs 
SECRETARY OF STATE FOE THE,Secretary of State for the
SECRETARY OF STATE FOE WAR,Secretary of State for War
"SECRETARY OF STATE FOR FOREIGN""AFFAIRS",Secretary of State for Foreign Affairs 
SECRETARY OF STATE JOB FOREIGN AFFAIRS,Secretary of State for Foreign Affairs 
SECRETARY OF STATE TOR WAR,Secretary of State for War
SECRETARY OF STATE. FOR WAR,Secretary of State for War
SECRETARY OK STATE FOR FOREIGN,Secretary of State for Foreign Affairs 
SECRETARY or STATE,Secretary of State
SECRETARY or STATE,Secretary of State
SECRETARY TO THE TREA SURY,Secretary to the Treasury
SECRETARY TO TILE TREASURY,Secretary to the Treasury
SIR CHAPLES DILKE,Sir Charles Dilke
SIR CHARLES DTLKE,Sir Charles Dilke
SIR CHARLESDILKE,Sir Charles Dilke
SIR CHARLKS DILKE,Sir Charles Dike
SIR MANCHERJEE BHOWNAG GREE,Sir Mancherjee Bhownagree
SIR MANCHERJEE BHOWNAG GREE,Sir Mancherjee Bhownagree
SIR MANCHERJEE BHOWNAGGREE,Sir Mancherjee Bhownagree
SIR MANCHERJEE BHOWNAGGREE,Sir Mancherjee Bhownagree
STATE JOB INDIA,State for India
STATE TOR INDIA,State for India
ATTORNEY GENEEAL,Attorney General 
MR. MTTHEWS,Mr. Matthews
STATE FOE WAR,State for war
PRESIDENT OF. THE COUNCIL,President of the Council 
LOED (change to lord) ,Lord
FOE IRELAND,For Ireland 
MR. PABKER SMITH,Mr. Parker Smith
BOAED (change to board) ,board
MR. AKEES DOUGLAS,Mr. Akers Douglas
COLNEL MILWARD,Colonel Milward
MR. HAXBURY,Mr. Haxby
LORD OF THE ADMLRALTY,Lord of the Admiralty 
GIBSON BOWLKS,Gibson Bowles
STATE FOR AVAR,State for War
COUNCIL ox EDUCATION,Council of Education
SIR HOWARD VINCKNT,Sir Howard Vincent
PRESIDENT or THE,President of the
THE. SECRETARY OF THE,The Secretary of the 
For IRE- LAND,For Ireland 
PRESIDENT or THE (change to of) ,President of the
TIIE COMMITTEE,The Committee
THE SECRETAR OF,The Secretary of
MR. LLOYD-GEOEDE,Mr. Lloyd-George
ANDBEW AGNEW,Andrew Agnew 
MR. GOULD1NG,Mr. Goulding 
MR. T. L. COKBETT,Mr. T.L. Corbett
MR. T. L. COEBETT,Mr. T.L. Corbett
PBESIDENT OF THE BOARD OFTRADE,President of the Board of Trade
IRE-LAND,Ireland
SECRETARY or STATE FOR SCOTLAND,Secretary of State for Scotland
ARNOLD-FOKSTER,Arnold-Forster
THE MARQUESS OF LONDON-DERRY,The Marquess of Londonderry 
SECRETARY you SCOTLAND,Secretary for Scotland
LORD OP THE,Lord of the 
ATTORNEY - GENERAL,Attorney General 
SECRETARY OP STATE,Secretary of State
O'SHATHGHNESSY,O'Shaughnessy
O'SIIAUGHNESSY,O'Shaughnessy
WILLIAM HARCOUBT,William Harcourt
WILLIAM HARCOUET,William Harcourt
STATE FOB INDIA,State for India
OFSTATE,of state
PEESIDENT OF THE BOARD,President of the Board
THE MARQUESS OF LANSDOVVNE,The Marquess of Lansdowne
ATTORNEY - GENERAL,Attorney General 
THE CHANCELLOR OF THE EX,The Chancellor of the Exchequer
BOARD OK TRADE,Board of Trade
Mr. ARNOLD-FORSTKR,Mr. Arnold-Forster
FORTESCIJE FLANNERY,Fortescue Flannery 
FORTESCUF,Fortescue
STATE FOB (change to state for) ,State for
STATE FOE,State for
TEXNANT (tennant) ,tennant
THE HOARD OF EDUCATION,The Board of Education
MR. ARNOLD-FOESTER,Mr. Arnold-Forster
MR. ARNOLD-FOESTER,Mr. Arnold-Forster
STATE NOR WAR,State for War
THE BOARD OK AGRICULTURE,The Board of Agriculture
STATE FOE THE,State for the 
'THE: SECRETARY OF STATE FOR,The Secretary of State for
LORD BALFOUR OR BURLEIGH,Lord Balfour of Burleigh 
LORD BALFOUR OF BUELEIGH,Lord Balfour of Burleigh 
LORD OF TUB TREASURY,Lord of the Treasury 
THE SECRETARY' or STATE FOR INDIA,The Secretary of State for India
STATE FOR AVAR (change to war) ,State for War
PRESIDENT of the BOARD or TRADE,President of the Board of Trade
UNDEB SECBETAEY of STATE FOR WAR,Under Secretary of State for War 
LORD OK THE TREASURY,Lord of the Treasury
VICE-PEESIDENT OF THE BOAED of EDUCATION,Vice President of the Board of Education
SECRETARY OF STATE FOR FOREIGN AFFAIES ,Secretary of State for Foreign Affairs 
THE FINANCIAL SECRETAEY,The Financial Secretary
THE FINANCIAL SECEETARY TO THE WAR,The Financial Secretary to the War
PRYCE-JONES (make look like PRYCE - JONES) ,Pryce - Jones
EAEL SPENCER,Earl Spencer
BRADLATUGH,Bradlaugh 
EARL BEATJCHAMP,Earl Beauchamp
EARL OK DUNEAVEN,Earl of Dunraven 
FAEQUHARSON,Farquharson 
LORD JAMES or HEREFORD,Lord James of Hereford
WALTER FOSTEE ,Walter Foster
COMMITTEE OP COUNCIL,Committee of Council
COMMISSIONER or WORKS,Commissioner for Works
THE MARCHESS OE SALISBURY,The Marches of Salisbury 
MR. LABOITCHERE,Mr. Labouchére
MR. WILLIAM MREDMOND,Mr. William Redmond 
BLUXDELL MAPLE,Blundell Maple
COMMANDR. BETHELL,Commander Bethell
ARCHBISHOP OF CAN-TERBURY,Archbishop of Canterbury 
SIR BRAMPTON GURD0N,Sir Brampton Gurdon
CHAELES DILKE,Charles Dilke
WHTTMORE,Whitmore
THE DUKE OF NORTHUMBER-LAND,The Duke of Northumberland 
LORD ASHBOUBNE,Lord Ashbourne 
MR. PATRICK O'BEIEN,Mr. Patrick O'Brien
BISHOP OF MAN -CHESTER,Bishop of Manchester 
WILLIAM WEDDEEBURN,William Wedderburn 
SECRETARY OP STATE,Secretary of State
DUKK OF NORTHUMBERLAND,Duke of Northumberland
STATE FOB THE,State for the 
ARCHBISHOP OP CANTERBURY,Archbishop of Canterbury 
SECRETARY on STATE,Secretary of State
THE [ATTORNEY-GENERAL,The Attorney General
PEESIDENT,President
STATE FOK INDIA ,State for India
STATE FOK WAR,State for War
STATF FOR,State for
ADMIR ALTY,Admiralty
ATTOENEY-GENERA,Attorney General 
ATTORNEY - GENERAL,Attorney General 
PRESIDENT OP THE,President of the 
SECRETARY or STATE,Secretary of State
SECRETARY OK STATE,Secretary of State
SECRETARY VOR IRELAND,Secretary for Ireland
PRESIDENT OV THE BOARD,President of the Board
LOCAL GOVEKNMENT BOARD,Local Government Board
AECHBISHOP OF CANTERBURY,Archbishop of Canterbury 
SECRETARY OV STATE,Secretary of State
SECRETAEY TO THE ,Secretary to the 
CAN TERBURY,Canterbury
ATTORNE-GENERAL,Attorney General 
CHAIRMAN OF THE COMMIT TEES,Chairman of the Committees 
MR. VICARYGIBBSMR. ,Mr. Vicary Gibbs 
GIBSON BOAVLES,Gibson Bowles
SIR HOWAED VINCENT,Sir Howard Vincent 
DUCK OF NORTHUMBERLAND,Duke of Northumberland
DUCKE OF NORTHUMBERLAND,Duke of Northumberland
SECEETAEY OF STATE,Secretary of State
SIR HOWAKD VINCENT,Sir Howard Vincent 
ARNOLD-FOKSTER,Arnold-Forster
MR. ARNOLD-FORKTER,Mr. Arnold-Forster
SECRETARY OP STATE FOR WAR,Secretary of State for War
ARNOLD - FORSTEE,Arnold-Forster
ARNOLD-FOESTER,Arnold-Forster
OF:STATE FOE WAR,of State for War
BOAED OF EDUCATION,Board of Education
PAELIAMENTARY SECRETARY,Parliamentry Secretary 
STATE FOE THE,State for the 
MR. AENOLD-FORSTEE,Mr. Arnold-Forster
BISHOP OF WINCHES TER,Bishop of Manchester 
SECEETAEY TO THE ADMIE-ALTY,Secretary to the Admiralty 
BISHOP OF SOUTH- WARK,Bishop of Southwark
VISCOUNT CASTLEREAGH,Viscount Castlereagh 
VISCOUNT CASTLEREAGH,Viscount Castlereagh 
MR. VICAEY GIBBS,Mr. Vicary Gibbs 
THE CHAIRMAN OFCOMMITTEES,The Chairman of Committees
FINANCIAL SECRETARY TO HE WAR OFFICE,Financial Secretary to the War Office 
Viscount CRAN-BORNE,Viscount Cranborne 
MEMEBER (change to member),member
VISCOUNT CRANBOKNE,Viscount Cranborne 
LORD CRANEORNE,Lord Cranborne 
FINANCIAL SECRETARY TO; THE WAR OFFICE,Financial Secretary to the War Office 
SECRETARY FOR IRE-LAND,Secretary for Ireland 
SIRCHARLES DILKE,Sir Charles Dilke
CHARLES. DILKE,Charles Dilke
MARQUESS or LONDON-DERRY,The Marquess of Londonderry 
MR. O'SHAUUHNESSY,Mr. O'Shaughnessy
LLOYD-GFORGE,Lloyd-George
MR. LLOYD-GEORGH,Mr. Lloyd-George
EOBEET FINLAY,Robert Einlay
ROBERT FTNLAY,Robert Einlay
ROBERT F1NLAY,Robert Einlay
ROBERT EINLAY,Robert Einlay
AUSTEN CHAM BERLAIN,Austen Chamberlain
AUSTEN CHAMBEELAIN,Austen Chamberlain
AUSTENCHAMBERLAIN,Austen Chamberlain
CHAMBERLATN,Chamberlain
BOAED OF TRADE,Board of Trade
LOED CHANCELLOR,Lord Chancellor 
BOARD or TRADE,Board of Trade
LOED GEORGE,Lord George
COUNCIL ON EDU-,Council of Education
LOUD BISHOP OF WINCHESTER,Lord Bishop of Winchester
MR. WILLIAM KEDMOND,Mr. William Redmond 
MR. WILLIAM EEDMOND,Mr. William Redmond 
MR. WILLIAM. REDMOND,Mr. William Redmond 
LORD HAWKESRURY,Lord Hawkesbury
SYDNEY BUXTUN,Sydney Buxton
SYDNEYBUXTON,Sydney Buxton
THECHAIRMAN,The Chairman 
EARL OR DARTMOUTH,Earl of Dartmouth
LORD OP THE,Lord of the 
FIRST' LORD,First Lord
CARKINGTON,Carlington
SIR EDWARD STRACHY,Sir Edward Strachey 
EDMUNDROBERTSON,Edmund Robertson
EDMUND. ROBERTSON,Edmund Robertson
MR. ADKINS,Mr. Atkins
LORD BALCARKES,Lord Balcarres
LORD. KINNAIRD,Lord Kinnaird 
DR. COOPEE,Dr. Cooper
SIR CARNERASCH,Sir Carne Rasch 
MR. RADFOED,Mr. Radford 